Class_id,image_dir_name
0,00000_Animalia_Annelida_Clitellata_Haplotaxida_Lumbricidae_Lumbricus_terrestris
1,00001_Animalia_Annelida_Polychaeta_Sabellida_Sabellidae_Sabella_spallanzanii
2,00002_Animalia_Annelida_Polychaeta_Sabellida_Serpulidae_Serpula_columbiana
3,00003_Animalia_Annelida_Polychaeta_Sabellida_Serpulidae_Spirobranchus_cariniferus
4,00004_Animalia_Arthropoda_Arachnida_Araneae_Agelenidae_Eratigena_duellica
5,00005_Animalia_Arthropoda_Arachnida_Araneae_Antrodiaetidae_Atypoides_riversi
6,00006_Animalia_Arthropoda_Arachnida_Araneae_Araneidae_Aculepeira_ceropegia
7,00007_Animalia_Arthropoda_Arachnida_Araneae_Araneidae_Agalenatea_redii
8,00008_Animalia_Arthropoda_Arachnida_Araneae_Araneidae_Araneus_bicentenarius
9,00009_Animalia_Arthropoda_Arachnida_Araneae_Araneidae_Araneus_diadematus
10,00010_Animalia_Arthropoda_Arachnida_Araneae_Araneidae_Araneus_marmoreus
11,00011_Animalia_Arthropoda_Arachnida_Araneae_Araneidae_Araneus_quadratus
12,00012_Animalia_Arthropoda_Arachnida_Araneae_Araneidae_Araneus_trifolium
13,00013_Animalia_Arthropoda_Arachnida_Araneae_Araneidae_Araniella_displicata
14,00014_Animalia_Arthropoda_Arachnida_Araneae_Araneidae_Argiope_appensa
15,00015_Animalia_Arthropoda_Arachnida_Araneae_Araneidae_Argiope_argentata
16,00016_Animalia_Arthropoda_Arachnida_Araneae_Araneidae_Argiope_aurantia
17,00017_Animalia_Arthropoda_Arachnida_Araneae_Araneidae_Argiope_australis
18,00018_Animalia_Arthropoda_Arachnida_Araneae_Araneidae_Argiope_bruennichi
19,00019_Animalia_Arthropoda_Arachnida_Araneae_Araneidae_Argiope_keyserlingi
20,00020_Animalia_Arthropoda_Arachnida_Araneae_Araneidae_Argiope_lobata
21,00021_Animalia_Arthropoda_Arachnida_Araneae_Araneidae_Argiope_trifasciata
22,00022_Animalia_Arthropoda_Arachnida_Araneae_Araneidae_Austracantha_minax
23,00023_Animalia_Arthropoda_Arachnida_Araneae_Araneidae_Cyclosa_conica
24,00024_Animalia_Arthropoda_Arachnida_Araneae_Araneidae_Cyclosa_turbinata
25,00025_Animalia_Arthropoda_Arachnida_Araneae_Araneidae_Cyrtophora_citricola
26,00026_Animalia_Arthropoda_Arachnida_Araneae_Araneidae_Eriophora_pustulosa
27,00027_Animalia_Arthropoda_Arachnida_Araneae_Araneidae_Eriophora_ravilla
28,00028_Animalia_Arthropoda_Arachnida_Araneae_Araneidae_Gasteracantha_cancriformis
29,00029_Animalia_Arthropoda_Arachnida_Araneae_Araneidae_Gasteracantha_kuhli
30,00030_Animalia_Arthropoda_Arachnida_Araneae_Araneidae_Larinioides_cornutus
31,00031_Animalia_Arthropoda_Arachnida_Araneae_Araneidae_Mangora_acalypha
32,00032_Animalia_Arthropoda_Arachnida_Araneae_Araneidae_Mangora_placida
33,00033_Animalia_Arthropoda_Arachnida_Araneae_Araneidae_Mecynogea_lemniscata
34,00034_Animalia_Arthropoda_Arachnida_Araneae_Araneidae_Micrathena_gracilis
35,00035_Animalia_Arthropoda_Arachnida_Araneae_Araneidae_Micrathena_mitrata
36,00036_Animalia_Arthropoda_Arachnida_Araneae_Araneidae_Micrathena_sagittata
37,00037_Animalia_Arthropoda_Arachnida_Araneae_Araneidae_Neoscona_arabesca
38,00038_Animalia_Arthropoda_Arachnida_Araneae_Araneidae_Neoscona_crucifera
39,00039_Animalia_Arthropoda_Arachnida_Araneae_Araneidae_Neoscona_domiciliorum
40,00040_Animalia_Arthropoda_Arachnida_Araneae_Araneidae_Neoscona_oaxacensis
41,00041_Animalia_Arthropoda_Arachnida_Araneae_Araneidae_Nephila_pilipes
42,00042_Animalia_Arthropoda_Arachnida_Araneae_Araneidae_Nuctenea_umbratica
43,00043_Animalia_Arthropoda_Arachnida_Araneae_Araneidae_Thelacantha_brevispina
44,00044_Animalia_Arthropoda_Arachnida_Araneae_Araneidae_Trichonephila_clavata
45,00045_Animalia_Arthropoda_Arachnida_Araneae_Araneidae_Trichonephila_clavipes
46,00046_Animalia_Arthropoda_Arachnida_Araneae_Araneidae_Trichonephila_edulis
47,00047_Animalia_Arthropoda_Arachnida_Araneae_Araneidae_Trichonephila_fenestrata
48,00048_Animalia_Arthropoda_Arachnida_Araneae_Araneidae_Trichonephila_plumipes
49,00049_Animalia_Arthropoda_Arachnida_Araneae_Araneidae_Verrucosa_arenata
50,00050_Animalia_Arthropoda_Arachnida_Araneae_Araneidae_Zygiella_x-notata
51,00051_Animalia_Arthropoda_Arachnida_Araneae_Cheiracanthiidae_Cheiracanthium_mildei
52,00052_Animalia_Arthropoda_Arachnida_Araneae_Corinnidae_Nyssus_coloripes
53,00053_Animalia_Arthropoda_Arachnida_Araneae_Desidae_Badumna_longinqua
54,00054_Animalia_Arthropoda_Arachnida_Araneae_Dysderidae_Dysdera_crocata
55,00055_Animalia_Arthropoda_Arachnida_Araneae_Filistatidae_Kukulcania_hibernalis
56,00056_Animalia_Arthropoda_Arachnida_Araneae_Gnaphosidae_Herpyllus_ecclesiasticus
57,00057_Animalia_Arthropoda_Arachnida_Araneae_Linyphiidae_Frontinella_pyramitela
58,00058_Animalia_Arthropoda_Arachnida_Araneae_Linyphiidae_Neriene_radiata
59,00059_Animalia_Arthropoda_Arachnida_Araneae_Lycosidae_Hogna_radiata
60,00060_Animalia_Arthropoda_Arachnida_Araneae_Lycosidae_Rabidosa_rabida
61,00061_Animalia_Arthropoda_Arachnida_Araneae_Oxyopidae_Oxyopes_salticus
62,00062_Animalia_Arthropoda_Arachnida_Araneae_Oxyopidae_Oxyopes_scalaris
63,00063_Animalia_Arthropoda_Arachnida_Araneae_Oxyopidae_Peucetia_viridans
64,00064_Animalia_Arthropoda_Arachnida_Araneae_Pholcidae_Holocnemus_pluchei
65,00065_Animalia_Arthropoda_Arachnida_Araneae_Pholcidae_Pholcus_phalangioides
66,00066_Animalia_Arthropoda_Arachnida_Araneae_Pisauridae_Dolomedes_albineus
67,00067_Animalia_Arthropoda_Arachnida_Araneae_Pisauridae_Dolomedes_minor
68,00068_Animalia_Arthropoda_Arachnida_Araneae_Pisauridae_Dolomedes_scriptus
69,00069_Animalia_Arthropoda_Arachnida_Araneae_Pisauridae_Dolomedes_tenebrosus
70,00070_Animalia_Arthropoda_Arachnida_Araneae_Pisauridae_Dolomedes_triton
71,00071_Animalia_Arthropoda_Arachnida_Araneae_Pisauridae_Pisaura_mirabilis
72,00072_Animalia_Arthropoda_Arachnida_Araneae_Pisauridae_Pisaurina_mira
73,00073_Animalia_Arthropoda_Arachnida_Araneae_Salticidae_Anasaitis_canosa
74,00074_Animalia_Arthropoda_Arachnida_Araneae_Salticidae_Attulus_fasciger
75,00075_Animalia_Arthropoda_Arachnida_Araneae_Salticidae_Colonus_hesperus
76,00076_Animalia_Arthropoda_Arachnida_Araneae_Salticidae_Colonus_sylvanus
77,00077_Animalia_Arthropoda_Arachnida_Araneae_Salticidae_Eris_militaris
78,00078_Animalia_Arthropoda_Arachnida_Araneae_Salticidae_Hasarius_adansoni
79,00079_Animalia_Arthropoda_Arachnida_Araneae_Salticidae_Helpis_minitabunda
80,00080_Animalia_Arthropoda_Arachnida_Araneae_Salticidae_Hentzia_mitrata
81,00081_Animalia_Arthropoda_Arachnida_Araneae_Salticidae_Hentzia_palmarum
82,00082_Animalia_Arthropoda_Arachnida_Araneae_Salticidae_Hypoblemum_griseum
83,00083_Animalia_Arthropoda_Arachnida_Araneae_Salticidae_Lyssomanes_viridis
84,00084_Animalia_Arthropoda_Arachnida_Araneae_Salticidae_Maevia_inclemens
85,00085_Animalia_Arthropoda_Arachnida_Araneae_Salticidae_Marpissa_muscosa
86,00086_Animalia_Arthropoda_Arachnida_Araneae_Salticidae_Menemerus_bivittatus
87,00087_Animalia_Arthropoda_Arachnida_Araneae_Salticidae_Menemerus_semilimbatus
88,00088_Animalia_Arthropoda_Arachnida_Araneae_Salticidae_Metacyrba_taeniola
89,00089_Animalia_Arthropoda_Arachnida_Araneae_Salticidae_Naphrys_pulex
90,00090_Animalia_Arthropoda_Arachnida_Araneae_Salticidae_Paraphidippus_aurantius
91,00091_Animalia_Arthropoda_Arachnida_Araneae_Salticidae_Pelegrina_galathea
92,00092_Animalia_Arthropoda_Arachnida_Araneae_Salticidae_Phidippus_audax
93,00093_Animalia_Arthropoda_Arachnida_Araneae_Salticidae_Phidippus_clarus
94,00094_Animalia_Arthropoda_Arachnida_Araneae_Salticidae_Phidippus_johnsoni
95,00095_Animalia_Arthropoda_Arachnida_Araneae_Salticidae_Philaeus_chrysops
96,00096_Animalia_Arthropoda_Arachnida_Araneae_Salticidae_Platycryptus_undatus
97,00097_Animalia_Arthropoda_Arachnida_Araneae_Salticidae_Plexippus_paykulli
98,00098_Animalia_Arthropoda_Arachnida_Araneae_Salticidae_Salticus_scenicus
99,00099_Animalia_Arthropoda_Arachnida_Araneae_Salticidae_Sassacus_vitis
100,00100_Animalia_Arthropoda_Arachnida_Araneae_Salticidae_Trite_auricoma
101,00101_Animalia_Arthropoda_Arachnida_Araneae_Salticidae_Trite_planiceps
102,00102_Animalia_Arthropoda_Arachnida_Araneae_Sicariidae_Loxosceles_reclusa
103,00103_Animalia_Arthropoda_Arachnida_Araneae_Sparassidae_Heteropoda_venatoria
104,00104_Animalia_Arthropoda_Arachnida_Araneae_Sparassidae_Micrommata_virescens
105,00105_Animalia_Arthropoda_Arachnida_Araneae_Sparassidae_Olios_giganteus
106,00106_Animalia_Arthropoda_Arachnida_Araneae_Tetragnathidae_Leucauge_argyra
107,00107_Animalia_Arthropoda_Arachnida_Araneae_Tetragnathidae_Leucauge_argyrobapta
108,00108_Animalia_Arthropoda_Arachnida_Araneae_Tetragnathidae_Leucauge_venusta
109,00109_Animalia_Arthropoda_Arachnida_Araneae_Theraphosidae_Aphonopelma_chalcodes
110,00110_Animalia_Arthropoda_Arachnida_Araneae_Theraphosidae_Aphonopelma_eutylenum
111,00111_Animalia_Arthropoda_Arachnida_Araneae_Theraphosidae_Aphonopelma_hentzi
112,00112_Animalia_Arthropoda_Arachnida_Araneae_Theraphosidae_Aphonopelma_iodius
113,00113_Animalia_Arthropoda_Arachnida_Araneae_Theridiidae_Enoplognatha_ovata
114,00114_Animalia_Arthropoda_Arachnida_Araneae_Theridiidae_Latrodectus_geometricus
115,00115_Animalia_Arthropoda_Arachnida_Araneae_Theridiidae_Latrodectus_hasselti
116,00116_Animalia_Arthropoda_Arachnida_Araneae_Theridiidae_Latrodectus_hesperus
117,00117_Animalia_Arthropoda_Arachnida_Araneae_Theridiidae_Latrodectus_katipo
118,00118_Animalia_Arthropoda_Arachnida_Araneae_Theridiidae_Latrodectus_mactans
119,00119_Animalia_Arthropoda_Arachnida_Araneae_Theridiidae_Latrodectus_variolus
120,00120_Animalia_Arthropoda_Arachnida_Araneae_Theridiidae_Parasteatoda_tepidariorum
121,00121_Animalia_Arthropoda_Arachnida_Araneae_Theridiidae_Steatoda_capensis
122,00122_Animalia_Arthropoda_Arachnida_Araneae_Theridiidae_Steatoda_grossa
123,00123_Animalia_Arthropoda_Arachnida_Araneae_Theridiidae_Steatoda_nobilis
124,00124_Animalia_Arthropoda_Arachnida_Araneae_Theridiidae_Steatoda_triangulosa
125,00125_Animalia_Arthropoda_Arachnida_Araneae_Thomisidae_Misumena_vatia
126,00126_Animalia_Arthropoda_Arachnida_Araneae_Thomisidae_Misumenoides_formosipes
127,00127_Animalia_Arthropoda_Arachnida_Araneae_Thomisidae_Sidymella_trapezia
128,00128_Animalia_Arthropoda_Arachnida_Araneae_Thomisidae_Synema_globosum
129,00129_Animalia_Arthropoda_Arachnida_Araneae_Thomisidae_Thomisus_onustus
130,00130_Animalia_Arthropoda_Arachnida_Araneae_Zoropsidae_Zoropsis_spinimana
131,00131_Animalia_Arthropoda_Arachnida_Endeostigmata_Eriophyidae_Aceria_parulmi
132,00132_Animalia_Arthropoda_Arachnida_Endeostigmata_Eriophyidae_Aculops_rhois
133,00133_Animalia_Arthropoda_Arachnida_Endeostigmata_Eriophyidae_Aculus_tetanothrix
134,00134_Animalia_Arthropoda_Arachnida_Endeostigmata_Eriophyidae_Eriophyes_cerasicrumena
135,00135_Animalia_Arthropoda_Arachnida_Endeostigmata_Eriophyidae_Eriophyes_tiliae
136,00136_Animalia_Arthropoda_Arachnida_Endeostigmata_Eriophyidae_Vasates_quadripedes
137,00137_Animalia_Arthropoda_Arachnida_Ixodida_Ixodidae_Amblyomma_americanum
138,00138_Animalia_Arthropoda_Arachnida_Ixodida_Ixodidae_Dermacentor_occidentalis
139,00139_Animalia_Arthropoda_Arachnida_Ixodida_Ixodidae_Dermacentor_variabilis
140,00140_Animalia_Arthropoda_Arachnida_Ixodida_Ixodidae_Ixodes_pacificus
141,00141_Animalia_Arthropoda_Arachnida_Ixodida_Ixodidae_Ixodes_ricinus
142,00142_Animalia_Arthropoda_Arachnida_Ixodida_Ixodidae_Ixodes_scapularis
143,00143_Animalia_Arthropoda_Arachnida_Opiliones_Phalangiidae_Mitopus_morio
144,00144_Animalia_Arthropoda_Arachnida_Opiliones_Phalangiidae_Opilio_canestrinii
145,00145_Animalia_Arthropoda_Arachnida_Opiliones_Phalangiidae_Phalangium_opilio
146,00146_Animalia_Arthropoda_Arachnida_Opiliones_Sclerosomatidae_Leiobunum_rotundum
147,00147_Animalia_Arthropoda_Arachnida_Opiliones_Sclerosomatidae_Leiobunum_townsendi
148,00148_Animalia_Arthropoda_Arachnida_Opiliones_Sclerosomatidae_Leiobunum_vittatum
149,00149_Animalia_Arthropoda_Arachnida_Scorpiones_Buthidae_Centruroides_sculpturatus
150,00150_Animalia_Arthropoda_Arachnida_Scorpiones_Buthidae_Centruroides_vittatus
151,00151_Animalia_Arthropoda_Arachnida_Scorpiones_Caraboctonidae_Hadrurus_arizonensis
152,00152_Animalia_Arthropoda_Arachnida_Scorpiones_Vaejovidae_Paravaejovis_puritanus
153,00153_Animalia_Arthropoda_Arachnida_Scorpiones_Vaejovidae_Paravaejovis_spinigerus
154,00154_Animalia_Arthropoda_Arachnida_Scorpiones_Vaejovidae_Paruroctonus_silvestrii
155,00155_Animalia_Arthropoda_Arachnida_Scorpiones_Vaejovidae_Uroctonus_mordax
156,00156_Animalia_Arthropoda_Arachnida_Scorpiones_Vaejovidae_Vaejovis_carolinianus
157,00157_Animalia_Arthropoda_Chilopoda_Scolopendromorpha_Scolopendridae_Hemiscolopendra_marginata
158,00158_Animalia_Arthropoda_Chilopoda_Scolopendromorpha_Scolopendridae_Scolopendra_cingulata
159,00159_Animalia_Arthropoda_Chilopoda_Scolopendromorpha_Scolopendridae_Scolopendra_heros
160,00160_Animalia_Arthropoda_Chilopoda_Scolopendromorpha_Scolopendridae_Scolopendra_polymorpha
161,00161_Animalia_Arthropoda_Chilopoda_Scutigeromorpha_Scutigeridae_Scutigera_coleoptrata
162,00162_Animalia_Arthropoda_Diplopoda_Julida_Julidae_Ommatoiulus_moreleti
163,00163_Animalia_Arthropoda_Diplopoda_Polydesmida_Paradoxosomatidae_Oxidus_gracilis
164,00164_Animalia_Arthropoda_Diplopoda_Polydesmida_Xystodesmidae_Apheloria_virginiensis
165,00165_Animalia_Arthropoda_Diplopoda_Polydesmida_Xystodesmidae_Harpaphe_haydeniana
166,00166_Animalia_Arthropoda_Diplopoda_Spirobolida_Rhinocricidae_Anadenobolus_monilicornis
167,00167_Animalia_Arthropoda_Diplopoda_Spirobolida_Trigoniulidae_Trigoniulus_corallinus
168,00168_Animalia_Arthropoda_Hexanauplia_Lepadiformes_Lepadidae_Lepas_anatifera
169,00169_Animalia_Arthropoda_Hexanauplia_Lepadiformes_Lepadidae_Lepas_anserifera
170,00170_Animalia_Arthropoda_Hexanauplia_Scalpelliformes_Pollicipedidae_Pollicipes_polymerus
171,00171_Animalia_Arthropoda_Hexanauplia_Sessilia_Balanidae_Balanus_glandula
172,00172_Animalia_Arthropoda_Hexanauplia_Sessilia_Balanidae_Semibalanus_balanoides
173,00173_Animalia_Arthropoda_Hexanauplia_Sessilia_Balanidae_Semibalanus_cariosus
174,00174_Animalia_Arthropoda_Hexanauplia_Sessilia_Tetraclitidae_Tetraclita_rubescens
175,00175_Animalia_Arthropoda_Insecta_Blattodea_Blaberidae_Aptera_fusca
176,00176_Animalia_Arthropoda_Insecta_Blattodea_Blaberidae_Panchlora_nivea
177,00177_Animalia_Arthropoda_Insecta_Blattodea_Blaberidae_Pycnoscelus_surinamensis
178,00178_Animalia_Arthropoda_Insecta_Blattodea_Blattidae_Blatta_orientalis
179,00179_Animalia_Arthropoda_Insecta_Blattodea_Blattidae_Periplaneta_americana
180,00180_Animalia_Arthropoda_Insecta_Blattodea_Blattidae_Periplaneta_australasiae
181,00181_Animalia_Arthropoda_Insecta_Blattodea_Blattidae_Periplaneta_fuliginosa
182,00182_Animalia_Arthropoda_Insecta_Blattodea_Ectobiidae_Pseudomops_septentrionalis
183,00183_Animalia_Arthropoda_Insecta_Coleoptera_Brentidae_Arrhenodes_minutus
184,00184_Animalia_Arthropoda_Insecta_Coleoptera_Buprestidae_Agrilus_planipennis
185,00185_Animalia_Arthropoda_Insecta_Coleoptera_Buprestidae_Buprestis_aurulenta
186,00186_Animalia_Arthropoda_Insecta_Coleoptera_Buprestidae_Euchroma_giganteum
187,00187_Animalia_Arthropoda_Insecta_Coleoptera_Cantharidae_Atalantycha_bilineata
188,00188_Animalia_Arthropoda_Insecta_Coleoptera_Cantharidae_Cantharis_fusca
189,00189_Animalia_Arthropoda_Insecta_Coleoptera_Cantharidae_Cantharis_livida
190,00190_Animalia_Arthropoda_Insecta_Coleoptera_Cantharidae_Cantharis_rustica
191,00191_Animalia_Arthropoda_Insecta_Coleoptera_Cantharidae_Chauliognathus_basalis
192,00192_Animalia_Arthropoda_Insecta_Coleoptera_Cantharidae_Chauliognathus_marginatus
193,00193_Animalia_Arthropoda_Insecta_Coleoptera_Cantharidae_Chauliognathus_pensylvanicus
194,00194_Animalia_Arthropoda_Insecta_Coleoptera_Cantharidae_Rhagonycha_fulva
195,00195_Animalia_Arthropoda_Insecta_Coleoptera_Carabidae_Calosoma_scrutator
196,00196_Animalia_Arthropoda_Insecta_Coleoptera_Carabidae_Carabus_coriaceus
197,00197_Animalia_Arthropoda_Insecta_Coleoptera_Carabidae_Carabus_granulatus
198,00198_Animalia_Arthropoda_Insecta_Coleoptera_Carabidae_Carabus_nemoralis
199,00199_Animalia_Arthropoda_Insecta_Coleoptera_Carabidae_Cicindela_aurulenta
200,00200_Animalia_Arthropoda_Insecta_Coleoptera_Carabidae_Cicindela_campestris
201,00201_Animalia_Arthropoda_Insecta_Coleoptera_Carabidae_Cicindela_duodecimguttata
202,00202_Animalia_Arthropoda_Insecta_Coleoptera_Carabidae_Cicindela_formosa
203,00203_Animalia_Arthropoda_Insecta_Coleoptera_Carabidae_Cicindela_hirticollis
204,00204_Animalia_Arthropoda_Insecta_Coleoptera_Carabidae_Cicindela_hybrida
205,00205_Animalia_Arthropoda_Insecta_Coleoptera_Carabidae_Cicindela_longilabris
206,00206_Animalia_Arthropoda_Insecta_Coleoptera_Carabidae_Cicindela_ocellata
207,00207_Animalia_Arthropoda_Insecta_Coleoptera_Carabidae_Cicindela_oregona
208,00208_Animalia_Arthropoda_Insecta_Coleoptera_Carabidae_Cicindela_punctulata
209,00209_Animalia_Arthropoda_Insecta_Coleoptera_Carabidae_Cicindela_purpurea
210,00210_Animalia_Arthropoda_Insecta_Coleoptera_Carabidae_Cicindela_repanda
211,00211_Animalia_Arthropoda_Insecta_Coleoptera_Carabidae_Cicindela_scutellaris
212,00212_Animalia_Arthropoda_Insecta_Coleoptera_Carabidae_Cicindela_sexguttata
213,00213_Animalia_Arthropoda_Insecta_Coleoptera_Carabidae_Cicindela_tranquebarica
214,00214_Animalia_Arthropoda_Insecta_Coleoptera_Carabidae_Cicindela_trifasciata
215,00215_Animalia_Arthropoda_Insecta_Coleoptera_Carabidae_Harpalus_rufipes
216,00216_Animalia_Arthropoda_Insecta_Coleoptera_Carabidae_Scaphinotus_angusticollis
217,00217_Animalia_Arthropoda_Insecta_Coleoptera_Carabidae_Scarites_subterraneus
218,00218_Animalia_Arthropoda_Insecta_Coleoptera_Carabidae_Tetracha_carolina
219,00219_Animalia_Arthropoda_Insecta_Coleoptera_Cerambycidae_Agapanthia_villosoviridescens
220,00220_Animalia_Arthropoda_Insecta_Coleoptera_Cerambycidae_Analeptura_lineola
221,00221_Animalia_Arthropoda_Insecta_Coleoptera_Cerambycidae_Aromia_moschata
222,00222_Animalia_Arthropoda_Insecta_Coleoptera_Cerambycidae_Cerambyx_scopolii
223,00223_Animalia_Arthropoda_Insecta_Coleoptera_Cerambycidae_Clytus_arietis
224,00224_Animalia_Arthropoda_Insecta_Coleoptera_Cerambycidae_Clytus_ruricola
225,00225_Animalia_Arthropoda_Insecta_Coleoptera_Cerambycidae_Dendrobias_mandibularis
226,00226_Animalia_Arthropoda_Insecta_Coleoptera_Cerambycidae_Desmocerus_palliatus
227,00227_Animalia_Arthropoda_Insecta_Coleoptera_Cerambycidae_Eburia_quadrigeminata
228,00228_Animalia_Arthropoda_Insecta_Coleoptera_Cerambycidae_Elaphidion_mucronatum
229,00229_Animalia_Arthropoda_Insecta_Coleoptera_Cerambycidae_Graphisurus_fasciatus
230,00230_Animalia_Arthropoda_Insecta_Coleoptera_Cerambycidae_Knulliana_cincta
231,00231_Animalia_Arthropoda_Insecta_Coleoptera_Cerambycidae_Leptura_quadrifasciata
232,00232_Animalia_Arthropoda_Insecta_Coleoptera_Cerambycidae_Lepturobosca_chrysocoma
233,00233_Animalia_Arthropoda_Insecta_Coleoptera_Cerambycidae_Mallodon_dasystomus
234,00234_Animalia_Arthropoda_Insecta_Coleoptera_Cerambycidae_Megacyllene_robiniae
235,00235_Animalia_Arthropoda_Insecta_Coleoptera_Cerambycidae_Monochamus_clamator
236,00236_Animalia_Arthropoda_Insecta_Coleoptera_Cerambycidae_Monochamus_notatus
237,00237_Animalia_Arthropoda_Insecta_Coleoptera_Cerambycidae_Monochamus_scutellatus
238,00238_Animalia_Arthropoda_Insecta_Coleoptera_Cerambycidae_Morimus_asper
239,00239_Animalia_Arthropoda_Insecta_Coleoptera_Cerambycidae_Neoclytus_acuminatus
240,00240_Animalia_Arthropoda_Insecta_Coleoptera_Cerambycidae_Orthosoma_brunneum
241,00241_Animalia_Arthropoda_Insecta_Coleoptera_Cerambycidae_Plectrodera_scalator
242,00242_Animalia_Arthropoda_Insecta_Coleoptera_Cerambycidae_Prionoplus_reticularis
243,00243_Animalia_Arthropoda_Insecta_Coleoptera_Cerambycidae_Prionus_californicus
244,00244_Animalia_Arthropoda_Insecta_Coleoptera_Cerambycidae_Prionus_coriarius
245,00245_Animalia_Arthropoda_Insecta_Coleoptera_Cerambycidae_Prionus_imbricornis
246,00246_Animalia_Arthropoda_Insecta_Coleoptera_Cerambycidae_Prionus_laticollis
247,00247_Animalia_Arthropoda_Insecta_Coleoptera_Cerambycidae_Pseudovadonia_livida
248,00248_Animalia_Arthropoda_Insecta_Coleoptera_Cerambycidae_Rhagium_inquisitor
249,00249_Animalia_Arthropoda_Insecta_Coleoptera_Cerambycidae_Rhagium_mordax
250,00250_Animalia_Arthropoda_Insecta_Coleoptera_Cerambycidae_Rosalia_funebris
251,00251_Animalia_Arthropoda_Insecta_Coleoptera_Cerambycidae_Rutpela_maculata
252,00252_Animalia_Arthropoda_Insecta_Coleoptera_Cerambycidae_Sphaenothecus_bilineatus
253,00253_Animalia_Arthropoda_Insecta_Coleoptera_Cerambycidae_Stenurella_melanura
254,00254_Animalia_Arthropoda_Insecta_Coleoptera_Cerambycidae_Stictoleptura_canadensis
255,00255_Animalia_Arthropoda_Insecta_Coleoptera_Cerambycidae_Stictoleptura_rubra
256,00256_Animalia_Arthropoda_Insecta_Coleoptera_Cerambycidae_Strangalepta_abbreviata
257,00257_Animalia_Arthropoda_Insecta_Coleoptera_Cerambycidae_Strangalia_luteicornis
258,00258_Animalia_Arthropoda_Insecta_Coleoptera_Cerambycidae_Tetraopes_femoratus
259,00259_Animalia_Arthropoda_Insecta_Coleoptera_Cerambycidae_Tetraopes_tetrophthalmus
260,00260_Animalia_Arthropoda_Insecta_Coleoptera_Cerambycidae_Trichocnemis_spiculatus
261,00261_Animalia_Arthropoda_Insecta_Coleoptera_Cerambycidae_Typocerus_velutinus
262,00262_Animalia_Arthropoda_Insecta_Coleoptera_Cerambycidae_Typocerus_zebra
263,00263_Animalia_Arthropoda_Insecta_Coleoptera_Cerambycidae_Xylotrechus_colonus
264,00264_Animalia_Arthropoda_Insecta_Coleoptera_Chrysomelidae_Acalymma_vittatum
265,00265_Animalia_Arthropoda_Insecta_Coleoptera_Chrysomelidae_Agelastica_alni
266,00266_Animalia_Arthropoda_Insecta_Coleoptera_Chrysomelidae_Anomoea_laticlavia
267,00267_Animalia_Arthropoda_Insecta_Coleoptera_Chrysomelidae_Aspidimorpha_miliaris
268,00268_Animalia_Arthropoda_Insecta_Coleoptera_Chrysomelidae_Cassida_rubiginosa
269,00269_Animalia_Arthropoda_Insecta_Coleoptera_Chrysomelidae_Cerotoma_trifurcata
270,00270_Animalia_Arthropoda_Insecta_Coleoptera_Chrysomelidae_Charidotella_sexpunctata
271,00271_Animalia_Arthropoda_Insecta_Coleoptera_Chrysomelidae_Chrysochus_auratus
272,00272_Animalia_Arthropoda_Insecta_Coleoptera_Chrysomelidae_Chrysochus_cobaltinus
273,00273_Animalia_Arthropoda_Insecta_Coleoptera_Chrysomelidae_Chrysolina_americana
274,00274_Animalia_Arthropoda_Insecta_Coleoptera_Chrysomelidae_Chrysolina_bankii
275,00275_Animalia_Arthropoda_Insecta_Coleoptera_Chrysomelidae_Chrysolina_fastuosa
276,00276_Animalia_Arthropoda_Insecta_Coleoptera_Chrysomelidae_Chrysomela_populi
277,00277_Animalia_Arthropoda_Insecta_Coleoptera_Chrysomelidae_Chrysomela_scripta
278,00278_Animalia_Arthropoda_Insecta_Coleoptera_Chrysomelidae_Chrysomela_vigintipunctata
279,00279_Animalia_Arthropoda_Insecta_Coleoptera_Chrysomelidae_Clytra_laeviuscula
280,00280_Animalia_Arthropoda_Insecta_Coleoptera_Chrysomelidae_Deloyala_guttata
281,00281_Animalia_Arthropoda_Insecta_Coleoptera_Chrysomelidae_Diabrotica_balteata
282,00282_Animalia_Arthropoda_Insecta_Coleoptera_Chrysomelidae_Diabrotica_undecimpunctata
283,00283_Animalia_Arthropoda_Insecta_Coleoptera_Chrysomelidae_Disonycha_glabrata
284,00284_Animalia_Arthropoda_Insecta_Coleoptera_Chrysomelidae_Galeruca_tanaceti
285,00285_Animalia_Arthropoda_Insecta_Coleoptera_Chrysomelidae_Gastrophysa_viridula
286,00286_Animalia_Arthropoda_Insecta_Coleoptera_Chrysomelidae_Helocassis_clavata
287,00287_Animalia_Arthropoda_Insecta_Coleoptera_Chrysomelidae_Labidomera_clivicollis
288,00288_Animalia_Arthropoda_Insecta_Coleoptera_Chrysomelidae_Lema_daturaphila
289,00289_Animalia_Arthropoda_Insecta_Coleoptera_Chrysomelidae_Leptinotarsa_decemlineata
290,00290_Animalia_Arthropoda_Insecta_Coleoptera_Chrysomelidae_Leptinotarsa_juncta
291,00291_Animalia_Arthropoda_Insecta_Coleoptera_Chrysomelidae_Lilioceris_lilii
292,00292_Animalia_Arthropoda_Insecta_Coleoptera_Chrysomelidae_Omophoita_cyanipennis
293,00293_Animalia_Arthropoda_Insecta_Coleoptera_Chrysomelidae_Ophraella_communa
294,00294_Animalia_Arthropoda_Insecta_Coleoptera_Chrysomelidae_Plagiodera_versicolora
295,00295_Animalia_Arthropoda_Insecta_Coleoptera_Chrysomelidae_Timarcha_tenebricosa
296,00296_Animalia_Arthropoda_Insecta_Coleoptera_Chrysomelidae_Trachymela_sloanei
297,00297_Animalia_Arthropoda_Insecta_Coleoptera_Chrysomelidae_Xanthogaleruca_luteola
298,00298_Animalia_Arthropoda_Insecta_Coleoptera_Chrysomelidae_Zygogramma_signatipennis
299,00299_Animalia_Arthropoda_Insecta_Coleoptera_Cleridae_Trichodes_alvearius
300,00300_Animalia_Arthropoda_Insecta_Coleoptera_Cleridae_Trichodes_apiarius
